breed,interesting
affenpinscher,Bred to catch rats in households and stables.
afghan_hound,Known for elegance and a silky flowing coat.
african_hunting_dog,Highly social and cooperative hunters.
airedale,Largest of all terrier breeds originally bred to catch otters.
american_staffordshire_terrier,Affectionate and excellent family dogs.
appenzeller,Swiss herding dog known for agility and intelligence.
australian_terrier,Bred to control rodents and snakes in 19th-century Australian mines.
basenji,"Often called the ""barkless dog"" with yodel-like vocalizations."
basset,Expert trackers with long ears and exceptional scenting abilities.
beagle,Excellent scent hounds with an exceptional sense of smell.
bedlington_terrier,Distinctive lamb-like appearance skilled in various dog sports.
bernese_mountain_dog,Gentle nature originally bred as a farm dog in the Swiss Alps.
black-and-tan_coonhound,Exceptional trackers originally bred for hunting raccoons.
blenheim_spaniel,Affectionate spaniels named after Blenheim Palace.
bloodhound,Unparalleled sense of smell often used in search and rescue.
bluetick,Easily recognizable by distinctive coat pattern and ticking.
border_collie,Highly intelligent dogs excelling in various dog sports.
border_terrier,Energetic and friendly nature making excellent companions.
borzoi,Originally bred for hunting wolves in Russia.
boston_bull,One of the few breeds originating in the United States.
bouvier_des_flandres,Herding dogs from Belgium with an impressive beard and rough coat.
boxer,Playful and energetic breed excellent for families.
brabancon_griffon,Charming small breed from Belgium with a distinctive appearance.
briard,Herding dogs with a long luxurious coat known for intelligence and loyalty.
brittany_spaniel,Versatile hunting dogs from France excelling in pointing and retrieving.
bull_mastiff,Powerful and protective breed originally bred to guard estates in England.
cairn,Featured in "The Wizard of Oz" as Toto known for its lively personality.
cardigan,Cardigan Welsh Corgis are distinguished by a long tail one of the two Corgi breeds.
chesapeake_bay_retriever,Water-loving retrievers developed in the United States for retrieving waterfowl.
chihuahua,The smallest dog breed named after the Mexican state of Chihuahua.
chow,Chow Chows have a distinctive blue-black tongue and a lion-like mane.
clumber,Gentle and loyal hunting dog with a distinctive appearance.
cocker_spaniel,Silky-coated and friendly Cocker Spaniels are popular companion dogs.
collie,Intelligent herding dogs popularized by the TV show "Lassie."
curly-coated_retriever,Retriever breed characterized by tight water-resistant curls in its coat.
dandie_dinmont,Terrier known for its unique appearance named after a character in Sir Walter Scott's novels.
dhole,Wild canine species found in Asia also known as the Asiatic wild dog.
dingo,Wild dog native to Australia with a unique place in Australian culture and ecology.
doberman,Intelligent and loyal breed developed by a German tax collector.
english_foxhound,The English Foxhound is one of the oldest dog breeds with a history dating back to the 16th century. Known for their stamina and scenting ability they excel in fox hunting.
english_setter,English Setters are renowned for their friendly and gentle nature. Interestingly they are also known for their distinct "setting" behavior where they freeze and point their nose toward game birds.
english_springer,The English Springer Spaniel gets its name from its skillful "springing" movement while flushing out game. This versatile breed is equally adept at being a family companion or a hunting partner.
entlebucher,The Entlebucher Mountain Dog is the smallest of the Swiss mountain dogs. Despite their compact size they are strong and agile herders with a loyal and protective temperament.
eskimo_dog,Eskimo Dogs also known as American Eskimo Dogs are not from Alaska but are descendants of European spitz-type dogs. They are known for their striking white coat and fluffy mane.
flat-coated_retriever,Flat-Coated Retrievers are known for their exuberant and friendly personality. Among the retriever breeds they have a distinctive sleek black or liver-colored coat and a love for water activities.
french_bulldog,French Bulldogs are charming small-sized dogs with a distinctive "bat ear" appearance. Despite their muscular build they are known for their affectionate and easygoing nature.
german_shepherd,German Shepherds are highly intelligent and versatile dogs. Originally bred for herding they are now widely used in various roles including police work search and rescue and as guide dogs.
german_short-haired_pointer,The German Shorthaired Pointer is a versatile hunting dog known for its endurance and keen sense of smell. They are equally at home in the field and as loving family companions.
giant_schnauzer,Giant Schnauzers are powerful and imposing dogs with a distinctive beard and eyebrows. Originally bred as herding and guard dogs they are known for their loyalty and protective instincts.
golden_retriever,Golden Retrievers are known for their friendly and gentle temperament. They are not only popular family pets but also excel in various roles including therapy and assistance work.
gordon_setter,Gordon Setters are the largest of the setter breeds and are recognized for their beautiful black and tan coat. They are known for their dignified and reserved nature.
great_dane,Great Danes are giant dogs with a friendly and gentle demeanor. Despite their imposing size they are often referred to as "gentle giants" and make excellent family companions.
great_pyrenees,The Great Pyrenees is a majestic and protective breed originally bred to guard livestock. Their thick double coat and confident demeanor contribute to their regal appearance.
greater_swiss_mountain_dog,The Greater Swiss Mountain Dog is a strong and sturdy working breed. Known for their drafting and herding abilities they are also appreciated for their gentle and friendly nature.
groenendael,The Belgian Groenendael is one of the four varieties of the Belgian Shepherd. Known for their elegant black coat and intelligence they excel in various dog sports and activities.
ibizan_hound,Ibizan Hounds are ancient hunting dogs with a distinctive appearance featuring large ears and a lean athletic build. They are known for their agility and speed in the field.
irish_setter,Irish Setters are known for their vibrant red coat and friendly disposition. They are not only beautiful but also make excellent family companions due to their playful and affectionate nature.
irish_terrier,Irish Terriers are known for their courage and tenacity. Despite their small size they have a bold and confident demeanor making them excellent watchdogs.
irish_water_spaniel,Irish Water Spaniels are one of the oldest and rarest spaniel breeds. Their curly water-resistant coat and webbed feet make them excellent swimmers and retrievers.
irish_wolfhound,Irish Wolfhounds are among the tallest dog breeds known for their impressive size and gentle nature. Historically they were used for hunting wolves and guarding estates.
italian_greyhound,Italian Greyhounds are elegant and slender dogs often referred to as "miniature greyhounds." Despite their fragile appearance they are lively affectionate and known for their speed.
japanese_spaniel,Japanese Chin also known as Japanese Spaniels are characterized by their distinctive Oriental appearance and luxurious silky coat. They are affectionate and make delightful companions.
keeshond,Keeshonds are Spitz-type dogs known for their distinctive "spectacles" – markings and shading around their eyes. They are friendly and intelligent making them excellent family pets.
kelpie,Australian Kelpies are highly intelligent and energetic herding dogs. Known for their agility and work ethic they excel in various dog sports and activities.
kerry_blue_terrier,Kerry Blue Terriers are known for their unique blue coat and lively personality. Originally bred as farm dogs they are versatile and make loving companions.
komondor,Komondors are large white corded-coat dogs bred to guard livestock. Their distinctive coat provides protection and insulation reflecting their dedication to their guarding duties.
kuvasz,Kuvasz dogs are majestic and powerful guardians with a history dating back to ancient Hungary. Known for their loyalty and courage they make excellent family protectors.
labrador_retriever,Labrador Retrievers are one of the most popular dog breeds worldwide. Known for their friendly and outgoing nature they excel as family pets guide dogs and search and rescue dogs.
lakeland_terrier,Lakeland Terriers were originally bred in the Lake District of England to hunt and control fox populations.
leonberg,The Leonberg is a giant dog breed named after the city of Leonberg in Baden-Württemberg Germany and was initially bred as a symbolic dog that resembled the lion on the town crest.
lhasa,Lhasa Apsos were considered sacred in ancient Tibet and they were kept as watchdogs in Buddhist monasteries.
malamute,Alaskan Malamutes are one of the oldest Arctic sled dog breeds known for their strength and endurance.
malinois,Belgian Malinois are often employed as police and military dogs due to their intelligence agility and trainability.
maltese_dog,The Maltese is an ancient toy breed that has been a favorite of royalty for centuries known for its long flowing white coat.
mexican_hairless,The Mexican Hairless or Xoloitzcuintli is an ancient dog breed that was considered sacred by the Aztecs and Toltecs.
miniature_pinscher,The Miniature Pinscher is often called the "King of Toys" due to its fearless and energetic nature despite its small size.
miniature_poodle,Miniature Poodles are highly intelligent and trainable excelling in various dog sports and activities.
miniature_schnauzer,Miniature Schnauzers are known for their distinctive beards and eyebrows giving them a dignified and charming appearance.
newfoundland,Newfoundlands are excellent swimmers and have been known to rescue people at risk of drowning thanks to their webbed feet and water-resistant coat.
norfolk_terrier,Norfolk Terriers are small but sturdy known for their lively and fearless personality.
norwegian_elkhound,Norwegian Elkhounds were originally bred for hunting large game like moose and bears in the harsh Scandinavian climate.
norwich_terrier,Norwich Terriers are one of the smallest working terriers originally bred for hunting vermin in East Anglia England.
old_english_sheepdog,The Old English Sheepdog or "Bobtail" is known for its distinctive shaggy coat and friendly demeanor.
otterhound,Otterhounds were bred for hunting otters in medieval England using their excellent sense of smell and swimming ability.
papillon,The Papillon's name means "butterfly" in French referring to its distinctive butterfly-like ears.
pekinese,The Pekingese originally bred for Chinese imperial courts was considered a symbol of good luck and protection.
pembroke,Pembroke Welsh Corgis are known for their association with British royalty particularly Queen Elizabeth II who has owned several throughout her life.
pomeranian,Pomeranians are descended from large sled-pulling dogs in the Arctic and were miniaturized through selective breeding.
pug,Pugs are an ancient breed with Chinese origins and they were highly favored by Chinese emperors.
redbone,The Redbone Coonhound is known for its striking red coat and was developed in the Southern United States for hunting raccoons and other game.
rhodesian_ridgeback,The Rhodesian Ridgeback named for the distinctive ridge of hair along its back was originally bred in Africa for hunting lions.
rottweiler,Rottweilers were originally used by the Romans to drive cattle and guard their camps later becoming known for their strength and loyalty.
saint_bernard,Saint Bernards are famous for their rescue work in the Swiss Alps where they helped locate and save travelers trapped in the snow.
saluki,The Saluki is one of the oldest dog breeds revered in ancient Egypt and known for its incredible speed and endurance.
samoyed,Samoyeds are known for their "Sammy smile" due to the upturned corners of their mouths giving them a perpetually happy expression.
schipperke,Schipperkes are small Belgian dogs that were originally bred as watchdogs on canal boats.
scotch_terrier,The Scottish Terrier or Scottie is a small but sturdy dog breed with a distinctive beard and erect ears.
scottish_deerhound,Scottish Deerhounds are one of the tallest dog breeds originally bred for deer hunting in the Scottish Highlands.
sealyham_terrier,The Sealyham Terrier is named after Captain John Edwardes' Sealyham estate in Pembrokeshire Wales.
shetland_sheepdog,Shetland Sheepdogs are known for their intelligence and agility excelling in obedience and agility training.
shih-tzu,The Shih Tzu is a toy breed that originated in Tibet and its name means "lion dog" in Chinese.
siberian_husky,Siberian Huskies have a thick double coat and unique markings and they are known for their endurance and friendly demeanor.
silky_terrier,The Silky Terrier is a small and elegant breed with a beautiful silky coat that requires regular grooming.
soft-coated_wheaten_terrier,Soft-Coated Wheaten Terriers are native to Ireland and are known for their friendly and outgoing nature.
staffordshire_bullterrier,Staffordshire Bull Terriers are muscular and agile often referred to as "nanny dogs" due to their affectionate nature with children.
standard_poodle,Standard Poodles are highly intelligent and versatile excelling in various dog sports and activities.
standard_schnauzer,The Standard Schnauzer is the original size of the three Schnauzer breeds and is known for its distinctive beard and eyebrows.
sussex_spaniel,Sussex Spaniels are one of the rarest spaniel breeds originally developed in England for hunting in the Sussex region.
tibetan_mastiff,Tibetan Mastiffs are large and powerful dogs originally bred to guard livestock in the Himalayas.
tibetan_terrier,Despite its name the Tibetan Terrier is not a true terrier but a herding and companion dog from Tibet.
toy_poodle,Toy Poodles are the smallest variety of Poodles and are known for their intelligence and hypoallergenic coat.
toy_terrier,Toy Terriers also known as American Toy Terriers are small agile dogs with a sleek coat and a lively personality.
vizsla,Vizslas are versatile sporting dogs known for their friendly and affectionate nature as well as their excellent scenting abilities.
walker_hound,Walker Hounds or Treeing Walker Coonhounds are skilled hunters known for their endurance and tracking abilities.
weimaraner,Weimaraners are distinctive for their sleek silver-gray coat and are often referred to as "grey ghosts."
welsh_springer_spaniel,Welsh Springer Spaniels are a rare breed similar to English Springer Spaniels but with a rich red and white coat.
west_highland_white_terrier,West Highland White Terriers or Westies are known for their distinctive white coat and lively personality.
whippet,Whippets are sleek and agile dogs known for their speed and grace often referred to as "miniature greyhounds."
wire-haired_fox_terrier,Wire-Haired Fox Terriers are lively and alert known for their distinctive wiry coat and friendly demeanor.
yorkshire_terrier,Yorkshire Terriers or Yorkies are small toy breeds with a long silky coat and a confident personality.
